date,close,adj close,dividends,stock splits,currency
2008-01-01,105.66000366210938,105.66000366210938,0.0,0.0,EUR
2008-02-01,106.5,106.5,0.0,0.0,EUR
2008-03-01,105.91000366210938,105.91000366210938,0.0,0.0,EUR
2008-04-01,104.94999694824219,104.94999694824219,0.0,0.0,EUR
2008-05-01,103.58000183105469,103.58000183105469,0.0,0.0,EUR
2008-06-01,102.62999725341797,102.62999725341797,0.0,0.0,EUR
2008-07-01,103.87000274658203,103.87000274658203,0.0,0.0,EUR
2008-08-01,105.86000061035156,105.86000061035156,0.0,0.0,EUR
2008-09-01,106.7699966430664,106.7699966430664,0.0,0.0,EUR
2008-10-01,109.2699966430664,109.2699966430664,0.0,0.0,EUR
2008-11-01,111.95999908447266,111.95999908447266,0.0,0.0,EUR
2008-12-01,113.31999969482422,113.31999969482422,0.0,0.0,EUR
2009-01-01,112.05999755859375,112.05999755859375,0.0,0.0,EUR
2009-02-01,113.6500015258789,113.6500015258789,0.0,0.0,EUR
2009-03-01,115.06999969482422,115.06999969482422,0.0,0.0,EUR
2009-04-01,115.5999984741211,115.5999984741211,0.0,0.0,EUR
2009-05-01,114.12000274658203,114.12000274658203,0.0,0.0,EUR
2009-06-01,115.48999786376953,115.48999786376953,0.0,0.0,EUR
2009-07-01,117.37999725341797,117.37999725341797,0.0,0.0,EUR
2009-08-01,117.98999786376953,117.98999786376953,0.0,0.0,EUR
2009-09-01,118.70999908447266,118.70999908447266,0.0,0.0,EUR
2009-10-01,118.7699966430664,118.7699966430664,0.0,0.0,EUR
2009-11-01,119.83999633789062,119.83999633789062,0.0,0.0,EUR
2009-12-01,119.0999984741211,119.0999984741211,0.0,0.0,EUR
2010-01-01,119.44000244140625,119.44000244140625,0.0,0.0,EUR
2010-02-01,120.9000015258789,120.9000015258789,0.0,0.0,EUR
2010-03-01,121.66999816894531,121.66999816894531,0.0,0.0,EUR
2010-04-01,120.80000305175781,120.80000305175781,0.0,0.0,EUR
2010-05-01,123.19999694824219,123.19999694824219,0.0,0.0,EUR
2010-06-01,122.38999938964844,122.38999938964844,0.0,0.0,EUR
2010-07-01,123.02999877929688,123.02999877929688,0.0,0.0,EUR
2010-08-01,125.06999969482422,125.06999969482422,0.0,0.0,EUR
2010-09-01,124.19000244140625,124.19000244140625,0.0,0.0,EUR
2010-10-01,123.43000030517578,123.43000030517578,0.0,0.0,EUR
2010-11-01,120.4000015258789,120.4000015258789,0.0,0.0,EUR
2010-12-01,119.91999816894531,119.91999816894531,0.0,0.0,EUR
2011-01-01,119.41999816894531,119.41999816894531,0.0,0.0,EUR
2011-02-01,119.43000030517578,119.43000030517578,0.0,0.0,EUR
2011-03-01,118.2300033569336,118.2300033569336,0.0,0.0,EUR
2011-04-01,118.25,118.25,0.0,0.0,EUR
2011-05-01,119.9800033569336,119.9800033569336,0.0,0.0,EUR
2011-06-01,119.62999725341797,119.62999725341797,0.0,0.0,EUR
2011-07-01,119.94000244140625,119.94000244140625,0.0,0.0,EUR
2011-08-01,123.30000305175781,123.30000305175781,0.0,0.0,EUR
2011-09-01,122.8499984741211,122.8499984741211,0.0,0.0,EUR
2011-10-01,120.41999816894531,120.41999816894531,0.0,0.0,EUR
2011-11-01,116.20999908447266,116.20999908447266,0.0,0.0,EUR
2011-12-01,121.08000183105469,121.08000183105469,0.0,0.0,EUR
2012-01-01,122.86000061035156,122.86000061035156,0.0,0.0,EUR
2012-02-01,125.66000366210938,125.66000366210938,0.0,0.0,EUR
2012-03-01,125.51000213623047,125.51000213623047,0.0,0.0,EUR
2012-04-01,125.27999877929688,125.27999877929688,0.0,0.0,EUR
2012-05-01,125.70999908447266,125.70999908447266,0.0,0.0,EUR
2012-06-01,125.83999633789062,125.83999633789062,0.0,0.0,EUR
2012-07-01,127.7300033569336,127.7300033569336,0.0,0.0,EUR
2012-08-01,128.7100067138672,128.7100067138672,0.0,0.0,EUR
2012-09-01,130.7899932861328,130.7899932861328,0.0,0.0,EUR
2012-10-01,131.99000549316406,131.99000549316406,0.0,0.0,EUR
2012-11-01,134.02000427246094,134.02000427246094,0.0,0.0,EUR
2012-12-01,134.77999877929688,134.77999877929688,0.0,0.0,EUR
2013-01-01,134.1999969482422,134.1999969482422,0.0,0.0,EUR
2013-02-01,135.0399932861328,135.0399932861328,0.0,0.0,EUR
2013-03-01,135.86000061035156,135.86000061035156,0.0,0.0,EUR
2013-04-01,139.1999969482422,139.1999969482422,0.0,0.0,EUR
2013-05-01,137.8000030517578,137.8000030517578,0.0,0.0,EUR
2013-06-01,135.22000122070312,135.22000122070312,0.0,0.0,EUR
2013-07-01,136.82000732421875,136.82000732421875,0.0,0.0,EUR
2013-08-01,136.1199951171875,136.1199951171875,0.0,0.0,EUR
2013-09-01,137.33999633789062,137.33999633789062,0.0,0.0,EUR
2013-10-01,139.4199981689453,139.4199981689453,0.0,0.0,EUR
2013-11-01,140.1199951171875,140.1199951171875,0.0,0.0,EUR
2013-12-01,139.1999969482422,139.1999969482422,0.0,0.0,EUR
2014-01-01,142.35000610351562,142.35000610351562,0.0,0.0,EUR
2014-02-01,142.9600067138672,142.9600067138672,0.0,0.0,EUR
2014-03-01,144.27000427246094,144.27000427246094,0.0,0.0,EUR
2014-04-01,145.8000030517578,145.8000030517578,0.0,0.0,EUR
2014-05-01,147.11000061035156,147.11000061035156,0.0,0.0,EUR
2014-06-01,148.72000122070312,148.72000122070312,0.0,0.0,EUR
2014-07-01,149.66000366210938,149.66000366210938,0.0,0.0,EUR
2014-08-01,151.66000366210938,151.66000366210938,0.0,0.0,EUR
2014-09-01,152.32000732421875,152.32000732421875,0.0,0.0,EUR
2014-10-01,152.52999877929688,152.52999877929688,0.0,0.0,EUR
2014-11-01,153.75,153.75,0.0,0.0,EUR
2014-12-01,154.52999877929688,154.52999877929688,0.0,0.0,EUR
2015-01-01,155.66000366210938,155.66000366210938,0.0,0.0,EUR
2015-02-01,156.8800048828125,156.8800048828125,0.0,0.0,EUR
2015-03-01,157.11000061035156,157.11000061035156,0.0,0.0,EUR
2015-04-01,156.17999267578125,156.17999267578125,0.0,0.0,EUR
2015-05-01,155.14999389648438,155.14999389648438,0.0,0.0,EUR
2015-06-01,153.25999450683594,153.25999450683594,0.0,0.0,EUR
2015-07-01,155.42999267578125,155.42999267578125,0.0,0.0,EUR
2015-08-01,154.50999450683594,154.50999450683594,0.0,0.0,EUR
2015-09-01,156.0800018310547,156.0800018310547,0.0,0.0,EUR
2015-10-01,157.47999572753906,157.47999572753906,0.0,0.0,EUR
2015-11-01,158.47000122070312,158.47000122070312,0.0,0.0,EUR
2015-12-01,157.4199981689453,157.4199981689453,0.0,0.0,EUR
2016-01-01,159.39999389648438,159.39999389648438,0.0,0.0,EUR
2016-02-01,160.14999389648438,160.14999389648438,0.0,0.0,EUR
2016-03-01,160.52999877929688,160.52999877929688,0.0,0.0,EUR
2016-04-01,159.55999755859375,159.55999755859375,0.0,0.0,EUR
2016-05-01,160.5800018310547,160.5800018310547,0.0,0.0,EUR
2016-06-01,162.02000427246094,162.02000427246094,0.0,0.0,EUR
2016-07-01,162.7100067138672,162.7100067138672,0.0,0.0,EUR
2016-08-01,162.64999389648438,162.64999389648438,0.0,0.0,EUR
2016-09-01,162.94000244140625,162.94000244140625,0.0,0.0,EUR
2016-10-01,160.75,160.75,0.0,0.0,EUR
2016-11-01,159.35000610351562,159.35000610351562,0.0,0.0,EUR
2016-12-01,160.4600067138672,160.4600067138672,0.0,0.0,EUR
2017-01-01,158.25,158.25,0.0,0.0,EUR
2017-02-01,159.42999267578125,159.42999267578125,0.0,0.0,EUR
2017-03-01,158.74000549316406,158.74000549316406,0.0,0.0,EUR
2017-04-01,159.5,159.5,0.0,0.0,EUR
2017-05-01,160.35000610351562,160.35000610351562,0.0,0.0,EUR
2017-06-01,159.49000549316406,159.49000549316406,0.0,0.0,EUR
2017-07-01,159.7899932861328,159.7899932861328,0.0,0.0,EUR
2017-08-01,160.80999755859375,160.80999755859375,0.0,0.0,EUR
2017-09-01,160.38999938964844,160.38999938964844,0.0,0.0,EUR
2017-10-01,161.60000610351562,161.60000610351562,0.0,0.0,EUR
2017-11-01,161.77999877929688,161.77999877929688,0.0,0.0,EUR
2017-12-01,160.7100067138672,160.7100067138672,0.0,0.0,EUR
2018-01-01,159.4199981689453,159.4199981689453,0.0,0.0,EUR
2018-02-01,159.7100067138672,159.7100067138672,0.0,0.0,EUR
2018-03-01,161.6699981689453,161.6699981689453,0.0,0.0,EUR
2018-04-01,161.36000061035156,161.36000061035156,0.0,0.0,EUR
2018-05-01,158.7899932861328,158.7899932861328,0.0,0.0,EUR
2018-06-01,159.97000122070312,159.97000122070312,0.0,0.0,EUR
2018-07-01,159.50999450683594,159.50999450683594,0.0,0.0,EUR
2018-08-01,158.3300018310547,158.3300018310547,0.0,0.0,EUR
2018-09-01,158.32000732421875,158.32000732421875,0.0,0.0,EUR
2018-10-01,158.22000122070312,158.22000122070312,0.0,0.0,EUR
2018-11-01,159.2899932861328,159.2899932861328,0.0,0.0,EUR
2018-12-01,160.6699981689453,160.6699981689453,0.0,0.0,EUR
2019-01-01,162.0800018310547,162.0800018310547,0.0,0.0,EUR
2019-02-01,161.74000549316406,161.74000549316406,0.0,0.0,EUR
2019-03-01,163.57000732421875,163.57000732421875,0.0,0.0,EUR
2019-04-01,163.72999572753906,163.72999572753906,0.0,0.0,EUR
2019-05-01,164.5399932861328,164.5399932861328,0.0,0.0,EUR
2019-06-01,166.7899932861328,166.7899932861328,0.0,0.0,EUR
2019-07-01,168.8000030517578,168.8000030517578,0.0,0.0,EUR
2019-08-01,170.8699951171875,170.8699951171875,0.0,0.0,EUR
2019-09-01,170.32000732421875,170.32000732421875,0.0,0.0,EUR
2019-10-01,169.0399932861328,169.0399932861328,0.0,0.0,EUR
2019-11-01,167.75,167.75,0.0,0.0,EUR
2019-12-01,167.02999877929688,167.02999877929688,0.0,0.0,EUR
2020-01-01,169.4199981689453,169.4199981689453,0.0,0.0,EUR
2020-02-01,169.36000061035156,169.36000061035156,0.0,0.0,EUR
2020-03-01,166.3300018310547,166.3300018310547,0.0,0.0,EUR
2020-04-01,166.77999877929688,166.77999877929688,0.0,0.0,EUR
2020-05-01,167.4600067138672,167.4600067138672,0.0,0.0,EUR
2020-06-01,168.6999969482422,168.6999969482422,0.0,0.0,EUR
2020-07-01,169.64999389648438,169.64999389648438,0.0,0.0,EUR
2020-08-01,168.92999267578125,168.92999267578125,0.0,0.0,EUR
2020-09-01,170.13999938964844,170.13999938964844,0.0,0.0,EUR
2020-10-01,171.1699981689453,171.1699981689453,0.0,0.0,EUR
2020-11-01,171.2899932861328,171.2899932861328,0.0,0.0,EUR
2020-12-01,171.47000122070312,171.47000122070312,0.0,0.0,EUR
2021-01-01,171.25,171.25,0.0,0.0,EUR
2021-02-01,169.24000549316406,169.24000549316406,0.0,0.0,EUR
2021-03-01,170.05999755859375,170.05999755859375,0.0,0.0,EUR
2021-04-01,169.07000732421875,169.07000732421875,0.0,0.0,EUR
2021-05-01,169.00999450683594,169.00999450683594,0.0,0.0,EUR
2021-06-01,169.35000610351562,169.35000610351562,0.0,0.0,EUR
2021-07-01,171.27000427246094,171.27000427246094,0.0,0.0,EUR
2021-08-01,170.5800018310547,170.5800018310547,0.0,0.0,EUR
2021-09-01,169.22000122070312,169.22000122070312,0.0,0.0,EUR
2021-10-01,167.36000061035156,167.36000061035156,0.0,0.0,EUR
2021-11-01,169.7899932861328,169.7899932861328,0.0,0.0,EUR
2021-12-01,168.0399932861328,168.0399932861328,0.0,0.0,EUR
2022-01-01,166.27999877929688,166.27999877929688,0.0,0.0,EUR
2022-02-01,164.19000244140625,164.19000244140625,0.0,0.0,EUR
2022-03-01,160.5500030517578,160.5500030517578,0.0,0.0,EUR
2022-04-01,157.02000427246094,157.02000427246094,0.0,0.0,EUR
2022-05-01,155.16000366210938,155.16000366210938,0.0,0.0,EUR
2022-06-01,153.27999877929688,153.27999877929688,0.0,0.0,EUR
2022-07-01,158.07000732421875,158.07000732421875,0.0,0.0,EUR
2022-08-01,151.1999969482422,151.1999969482422,0.0,0.0,EUR
2022-09-01,146.47000122070312,146.47000122070312,0.0,0.0,EUR
2022-10-01,146.8300018310547,146.8300018310547,0.0,0.0,EUR
2022-11-01,148.5,148.5,0.0,0.0,EUR
2022-12-01,143.6999969482422,143.6999969482422,0.0,0.0,EUR
2023-01-01,146.60000610351562,146.60000610351562,0.0,0.0,EUR
2023-02-01,143.69000244140625,143.69000244140625,0.0,0.0,EUR
2023-03-01,146.9199981689453,146.9199981689453,0.0,0.0,EUR
2023-04-01,147.1199951171875,147.1199951171875,0.0,0.0,EUR
2023-05-01,147.8699951171875,147.8699951171875,0.0,0.0,EUR
2023-06-01,146.60000610351562,146.60000610351562,0.0,0.0,EUR
2023-07-01,147.07000732421875,147.07000732421875,0.0,0.0,EUR
2023-08-01,147.6300048828125,147.6300048828125,0.0,0.0,EUR
2023-09-01,144.83999633789062,144.83999633789062,0.0,0.0,EUR
2023-10-01,146.0399932861328,146.0399932861328,0.0,0.0,EUR
2023-11-01,149.39999389648438,149.39999389648438,0.0,0.0,EUR
2023-12-01,153.77000427246094,153.77000427246094,0.0,0.0,EUR
2024-01-01,153.24000549316406,153.24000549316406,0.0,0.0,EUR
2024-02-01,151.1999969482422,151.1999969482422,0.0,0.0,EUR
2024-03-01,152.49000549316406,152.49000549316406,0.0,0.0,EUR
2024-04-01,150.6699981689453,150.6699981689453,0.0,0.0,EUR
2024-05-01,150.5500030517578,150.5500030517578,0.0,0.0,EUR
2024-06-01,151.0800018310547,151.0800018310547,0.0,0.0,EUR
2024-07-01,154.22000122070312,154.22000122070312,0.0,0.0,EUR
2024-08-01,154.75,154.75,0.0,0.0,EUR
2024-09-01,157.00999450683594,157.00999450683594,0.0,0.0,EUR
2024-10-01,155.22000122070312,155.22000122070312,0.0,0.0,EUR
2024-11-01,158.4499969482422,158.4499969482422,0.0,0.0,EUR
2024-12-01,156.82000732421875,156.82000732421875,0.0,0.0,EUR
2025-01-01,156.82000732421875,156.82000732421875,0.0,0.0,EUR
2025-02-01,158.0500030517578,158.0500030517578,0.0,0.0,EUR
2025-03-01,156.47000122070312,156.47000122070312,0.0,0.0,EUR
2025-04-01,159.66000366210938,159.66000366210938,0.0,0.0,EUR
2025-05-01,159.8000030517578,159.8000030517578,0.0,0.0,EUR
2025-06-01,159.47000122070312,159.47000122070312,0.0,0.0,EUR
2025-07-01,159.36000061035156,159.36000061035156,0.0,0.0,EUR
2025-08-01,159.4199981689453,159.4199981689453,0.0,0.0,EUR
2025-09-01,159.82000732421875,159.82000732421875,0.0,0.0,EUR
2025-10-01,161.1300048828125,161.1300048828125,0.0,0.0,EUR
2025-11-01,161.19000244140625,161.19000244140625,0.0,0.0,EUR
2025-12-01,160.38999938964844,160.38999938964844,0.0,0.0,EUR
2026-01-01,161.63999938964844,161.63999938964844,0.0,0.0,EUR
2026-02-01,163.57000732421875,163.57000732421875,0.0,0.0,EUR
2026-03-01,158.9499969482422,158.9499969482422,0.0,0.0,EUR
2026-04-01,159.74000549316406,159.74000549316406,0.0,0.0,EUR
2026-05-01,161.3699951171875,161.3699951171875,0.0,0.0,EUR
2026-06-01,162.0500030517578,162.0500030517578,0.0,0.0,EUR
2026-07-01,159.50999450683594,159.50999450683594,0.0,0.0,EUR
2026-08-01,159.2100067138672,159.2100067138672,0.0,0.0,EUR
